year,Country_Name,Country_Code,Adolescent_fertility_rate_births_per_1_000_women_ages_15_19_,Age_dependency_ratio_of_working_age_population_,Age_population_age_0_female_interpolated,Age_population_age_0_male_interpolated,Age_population_age_01_female_interpolated,Age_population_age_01_male_interpolated,Age_population_age_02_female_interpolated,Age_population_age_02_male_interpolated,Age_population_age_03_female_interpolated,Age_population_age_03_male_interpolated,Age_population_age_04_female_interpolated,Age_population_age_04_male_interpolated,Age_population_age_05_female_interpolated,Age_population_age_05_male_interpolated,Birth_rate_crude_per_1_000_people_,Death_rate_crude_per_1_000_people_,Fertility_rate_total_births_per_woman_,GDP_current_US_,GDP_per_capita_Current_US_,Inflation_consumer_prices_annual_,Life_expectancy_at_birth_female_years_,Life_expectancy_at_birth_male_years_,Population_ages_0_14_female,Population_ages_0_14_of_total_,Population_ages_15_64_female,Population_ages_15_64_male,Population_ages_15_64_of_total_,Population_ages_15_64_total,Population_ages_65_and_above_female,Population_ages_65_and_above_of_total_,Population_female,Population_female_of_total_,Population_total,GDP_growth_annual_
1960,Denmark,DNK,44.1754,55.7884875229111,38797,40519,36505,38452,35003,37117,34189,36418,33961,36259,34218,36545,16.6,9.5,2.57,6248946880.2777,1364.51716017255,1.25523012552926,74,70.44,561643,25.2077830198461,1484063,1455561,64.1895911048458,2939628,261702,10.6026258753081,2307409,50.384481976923,4579603,NA
1961,Denmark,DNK,45.0442,55.5909771351436,39700,41292,38292,40044,36372,38315,35103,37192,34406,36599,34203,36461,16.6,9.4,2.55,6933842098.84548,1503.53701342816,3.45162858557826,74.4,70.57,560269,24.9658270313546,1495246,1468735,64.2710803382815,2963981,268492,10.7630926303639,2324007,50.3938533519635,4611687,6.37883247557396
1962,Denmark,DNK,45.913,55.223348726329,40226,41731,37831,39555,37831,39612,36280,38219,35242,37306,34663,36818,16.7,9.8,2.55,7812968114.40012,1681.0299129876,7.37781954818462,74.43,70.31,557581,24.6500260466741,1509267,1484952,64.4232973841912,2994219,275846,10.9266765691347,2342694,50.4051649470323,4647727,5.66682217271799
1963,Denmark,DNK,45.5242,54.7983021527104,40386,41866,38443,40095,36967,38763,37392,39205,36209,38147,35403,37444,17.6,9.8,2.67,8316692385.77386,1775.37038468789,6.1050328230293,74.48,70.42,554298,24.3098202219714,1523949,1502241,64.6001870567245,3026185,283448,11.089992721304,2361695,50.4152663878237,4684483,0.637021234202422
1964,Denmark,DNK,45.1354,54.4676687612058,40240,41780,38877,40520,37758,39496,36868,38693,36949,38799,36135,38078,17.7,9.9,2.6,9506678762.77765,2013.24307693268,3.09278350515452,74.79,70.29,552010,24.0140790057814,1537736,1519265,64.7384669710513,3056997,291111,11.2474540231674,2380857,50.4197519573429,4722072,9.26993821451796
1965,Denmark,DNK,44.7466,54.2976929007692,39855,41547,39066,40779,38325,40071,37641,39431,37026,38867,36491,38388,18,10.1,2.61,10678897387.0006,2243.93159483536,5.44999999925048,74.65,70.2,551172,23.7908311381673,1549424,1534888,64.8097872894636,3084306,298708,11.3993815723691,2399304,50.4160206332958,4759012,4.55525481407099
1966,Denmark,DNK,44.3578,54.4281158469516,39189,41132,39680,41395,39014,40735,38350,40094,37706,39488,37100,38932,18.4,10.3,2.62,11721248101.0874,2443.2597913502,7.06495969658814,74.79,70.21,552603,23.6587319010768,1558277,1548269,64.755059275674,3106547,307135,11.5862088232492,2418014,50.4027848749948,4797381,2.74091010903237
1967,Denmark,DNK,43.969,54.5830272269995,38256,40547,38594,40681,39519,41261,38975,40708,38387,40134,37782,39563,16.8,9.9,2.35,12788479692.1939,2644.7866468916,8.20785355844021,75.35,70.61,554141,23.5442133619441,1566467,1561535,64.6901579385697,3127998,315546,11.7656286994862,2436154,50.3821182801263,4835354,3.42160509181338
1968,Denmark,DNK,40.693,54.7833664807843,37205,39843,38056,40382,38555,40646,39359,41128,38937,40682,38427,40176,15.3,9.7,2.12,13196541952,2712.61240033933,8.00520710366456,75.58,70.78,555159,23.4527959740801,1571307,1571727,64.6064337777441,3143027,323486,11.9407702481757,2449952,50.3599311888097,4864883,3.97494770207751
1969,Denmark,DNK,37.417,55.0128542035765,36243,39095,37479,39968,38307,40512,38776,40770,39194,40983,38895,40645,14.6,9.8,2,15009384584.5333,3068.23674114413,3.48791924395204,75.7,70.86,556276,23.3728921184718,1575034,1580747,64.5107832949706,3155777,331441,12.1163245865575,2462751,50.3438560166587,4891860,6.32248500839432
1970,Denmark,DNK,34.141,55.2481273393493,35514,38362,36963,39477,37991,40237,38644,40686,38972,40866,39023,40819,14.4,9.8,1.95,17075466666.6667,3464.45699527623,6.51484141652983,75.93,70.88,558729,23.2909525208766,1582026,1592736,64.4130148982782,3174761,340363,12.2960325808453,2481117,50.3396002505658,4928757,2.73521811779128
1971,Denmark,DNK,30.865,55.5518015406227,35140,37748,35826,38574,37079,39562,37982,40244,38572,40653,38885,40826,15.2,9.8,2.04,19085681968.1403,3845.49615869923,5.86986959071901,76.16,70.8,559506,23.1754364679322,1588981,1601684,64.287263274619,3190658,350367,12.5373002574489,2498855,50.3484147456577,4963126,3.00503299618597
1972,Denmark,DNK,27.589,55.8717863284508,35019,37164,36259,38419,36119,38763,37175,39624,37954,40225,38480,40596,15.1,10.1,2.03,23232411897.6012,4654.30533592887,6.56236090256546,76.21,70.8,560509,23.0769539044425,1593765,1608613,64.1552848125235,3202373,359914,12.767761283034,2514189,50.3684462897985,4991596,3.92934382503836
1973,Denmark,DNK,26.2812,56.1466164653733,34975,36565,35912,37761,36683,38715,36401,38935,37259,39667,37913,40189,14.3,10.1,1.92,30730638895.7765,6119.37265801991,9.30338297973668,76.53,70.97,561737,22.9678899667706,1599504,1616625,64.0423794079942,3216119,369607,12.9897306252352,2530848,50.3966218924442,5021861,4.09292523611968
1974,Denmark,DNK,24.9734,56.2889189160724,34755,35877,35437,37005,36059,37953,36616,38732,36680,39098,37341,39702,14.1,10.2,1.9,34160363582.6675,6770.73392957193,15.2752062218394,76.82,70.94,560957,22.8106610460269,1604430,1623767,63.9840687711138,3228186,378872,13.2052701828592,2544259,50.4283223770796,5045297,-1.12241166400788
1975,Denmark,DNK,23.6656,56.2562747418998,34180,35050,34758,36146,35337,37111,35905,37948,36450,38662,36960,39255,14.2,10.1,1.92,40474400473.3563,7999.11153176832,9.60561207538674,77.01,71.28,557276,22.5866721288064,1608381,1629800,63.99742115369,3238181,387556,13.4159067175035,2553213,50.4601370288092,5059862,-1.45654173447139
1976,Denmark,DNK,22.3578,56.2379589683221,33223,34143,34170,35148,34806,36214,35418,37159,36000,37985,36544,38695,12.9,10.6,1.75,44575847808.1059,8787.58091677434,9.01029083562227,76.69,70.93,553063,22.3458440581847,1612184,1634535,64.0049223943556,3246711,395965,13.6492335474597,2561213,50.4911771918079,5072596,5.92457456657083
1977,Denmark,DNK,21.05,56.024062767531,31965,33154,32856,34298,34164,35239,34856,36275,35503,37200,36099,38014,12.2,9.9,1.66,49784281716.4179,9783.84085831334,10.9222378100329,77.68,71.73,547026,22.0372980815355,1619207,1642101,64.0926850753721,3261304,404537,13.8700168430924,2570770,50.5219785016781,5088419,1.87028858991476
1978,Denmark,DNK,19.2538,55.6356801854365,30520,32076,31709,33274,32806,34397,34154,35322,34904,36328,35584,37232,12.2,10.4,1.67,60362854966.8154,11826.0035497522,10.2136545710405,77.42,71.51,539291,21.6710602795864,1628070,1651539,64.2526258931559,3279613,412947,14.0763138272576,2580308,50.5521760309279,5104248,2.22630861034912
1979,Denmark,DNK,17.4576,55.1085817455835,29058,30903,30503,32156,31805,33339,32971,34448,34131,35396,34937,36372,11.6,10.7,1.6,70366280174.8717,13752.0064147251,9.61105037907119,77.4,71.19,530349,21.2669918399315,1637098,1661749,64.4709689380541,3298851,420714,14.2620392220145,2588161,50.581621037015,5116801,3.86905642439699
1980,Denmark,DNK,15.6614,54.4651428681696,27722,29655,29299,30948,30715,32180,31980,33345,33103,34441,34091,35463,11.2,10.9,1.55,71127592753.5975,13883.8996463609,12.3053240760182,77.18,71.17,520314,20.8351963184616,1644960,1671663,64.7395317475109,3316624,427487,14.4252719340274,2592761,50.6099499506728,5123027,-0.482992254274009
1981,Denmark,DNK,13.8652,53.7720536619843,26560,28288,27887,29704,29357,30957,30706,32162,31937,33314,33051,34406,10.4,11,1.44,61877755004.6326,12081.7895373984,11.7673874344182,77.36,71.25,508448,20.3637525076591,1651720,1678885,65.0313211056216,3330626,433250,14.6049263867194,2593418,50.6371534444059,5121572,-0.666133022433087
1982,Denmark,DNK,12.069,52.9452619127952,25522,26848,27004,28253,28040,29751,29402,30964,30683,32143,31879,33282,10.3,10.8,1.43,60412846238.7787,11804.4331928655,10.1208256779823,77.65,71.6,496119,19.8661851847298,1658681,1687461,65.3828774889238,3346171,438001,14.7509373263465,2592801,50.6623109220161,5117810,3.68465082595613
1983,Denmark,DNK,11.499,52.0470004272171,24755,25613,26023,27011,27264,28369,28185,29801,29440,30974,30652,32127,9.9,11.2,1.38,60644833242.2089,11857.9021207038,6.90822881158847,77.55,71.44,483705,19.3559974427725,1666137,1697467,65.7691303258238,3363629,442288,14.8748722314037,2592130,50.6839880483014,5114297,2.59606121239069
1984,Denmark,DNK,10.929,51.1769283071746,24430,24952,25370,26176,26368,27402,27411,28621,28328,29852,29474,30984,10.1,11.2,1.4,59105208272.9853,11562.913486507,6.29077936023767,77.62,71.65,471604,18.8614749871874,1673423,1707782,66.1476668169125,3381217,446596,14.9908581959,2591623,50.7006277297644,5111619,4.16615126247693
1985,Denmark,DNK,10.359,50.4110375547347,24651,25103,25154,25926,25811,26833,26597,27807,27491,28835,28468,29902,10.5,11.4,1.45,62658544411.3095,12253.0955451375,4.6787514518325,77.47,71.53,460641,18.4099191219502,1681071,1718743,66.4844826497294,3399811,451478,15.1055982283204,2593189,50.7107004937185,5113691,4.00368557503032
1986,Denmark,DNK,9.789,49.7916299783702,25501,26199,24855,25400,25269,26063,25867,26868,26622,27789,27505,28803,10.8,11.3,1.48,88078729452.4781,17201.0828270017,3.67818411863458,77.53,71.77,450740,17.9791528542383,1689324,1729120,66.7594131923216,3418438,456746,15.2614339534401,2596811,50.7136663443895,5120534,4.90425268590032
1987,Denmark,DNK,9.219,49.3457741926933,26870,28070,26141,27323,25047,25682,25372,26184,25912,26886,26634,27753,11,11.3,1.5,109414353171.645,21340.7140617334,4.01999345683155,77.79,71.74,442747,17.6465921231155,1695581,1737404,66.9587165205245,3432989,461582,15.39469135636,2599910,50.7099276530002,5127024,0.254226111881735
1988,Denmark,DNK,9.1554,49.0178277546128,28543,30353,27148,28669,26237,27541,25234,25958,25470,26299,25951,26898,11.5,11.5,1.56,115552848547.872,22527.0471030545,4.53513301015726,77.64,72.04,436097,17.3935629517256,1699148,1743053,67.1060730616517,3442217,465476,15.5003639866228,2600721,50.701091393519,5129516,-0.0136300024882701
1989,Denmark,DNK,9.0918,48.7232922343958,30217,32541,28296,30120,26923,28367,26045,27219,25427,26244,25572,26424,12,11.6,1.62,112409236409.401,21901.0575177777,4.77272342435524,77.75,71.99,430803,17.1904277301344,1702316,1748768,67.2389720723356,3451103,468552,15.57060019753,2601671,50.6892106249033,5132594,0.645214979195558
1990,Denmark,DNK,9.0282,48.4346469806285,31659,34256,29450,31466,27791,29362,26632,27882,25927,26964,25627,26546,12.3,11.9,1.67,138247261092.977,26891.4416399373,2.64160306382,77.73,72.02,427228,17.0289907928533,1706914,1756522,67.3697242718749,3463436,471072,15.6012849352718,2605214,50.6758356209361,5140939,1.47524472572842
1991,Denmark,DNK,8.9646,48.4204103411428,32782,35314,31413,33865,29469,31438,27972,29560,26893,28192,26200,27295,12.5,11.6,1.68,139224732275.463,27011.3858910492,2.39515331724414,77.98,72.47,428129,17.036230326516,1711570,1761179,67.3761781975546,3472769,471555,15.5875914759293,2611254,50.6616803487784,5154298,1.39365602871277
1992,Denmark,DNK,8.901,48.3451275215223,33666,35898,31656,33600,31187,33508,29505,31442,28171,29788,27170,28531,13.1,11.8,1.76,152915624326.966,29569.6545261635,2.09604442933213,77.96,72.56,429901,17.0503224309456,1717834,1768181,67.4103622634942,3486039,471393,15.5393153055601,2619128,50.6466983290065,5171370,1.95701156603785
1993,Denmark,DNK,8.7222,48.2774407233509,34253,36064,32643,34437,31223,32977,30970,33170,29551,31463,28378,30033,13,12.1,1.75,143195607581.857,27597.971483378,1.25785667953261,77.77,72.59,432778,17.0980950315003,1723878,1775379,67.441148105608,3499270,470402,15.4607568628917,2627058,50.6310751154218,5188628,0.0106594282643044
1994,Denmark,DNK,8.5434,48.2851945200735,34498,35935,33392,35049,32303,34093,31252,33100,30754,32831,29597,31485,13.4,11.7,1.81,156162311731.598,29995.5652189509,1.99201463809523,78.1,72.78,437099,17.2050380958119,1729170,1781752,67.4376081057173,3510923,468825,15.3573537984708,2635094,50.6147370327828,5206180,5.33244864504584
1995,Denmark,DNK,8.3646,48.3810100587386,34392,35621,33826,35409,33120,34937,32312,34258,31438,33424,30536,32487,13.3,12.1,1.8,185006961302.299,35351.3807065346,2.0836084238285,77.83,72.72,443457,17.3695855909297,1736761,1790219,67.3940662418512,3526983,467764,15.2363481672191,2647983,50.598017202944,5233373,3.02763407299729
1996,Denmark,DNK,8.1858,48.729893632654,33863,35105,34422,35758,33912,35534,33242,35056,32452,34374,31583,33540,12.9,11.6,1.75,187632400365.599,35650.7243420099,2.12629802275579,78.26,73.05,451644,17.5883848475507,1742929,1795758,67.2359872575102,3538680,467532,15.1756278949392,2662105,50.5808055290563,5263074,2.90006833454601
1997,Denmark,DNK,8.007,49.065175015788,32978,34395,33607,35285,34469,35907,34016,35672,33381,35186,32609,34501,12.8,11.3,1.75,173537588008.176,32835.9287666102,2.18216677907117,78.46,73.55,458966,17.8129495912148,1746919,1798514,67.0847456406764,3545423,466388,15.1023047681087,2672273,50.56343533648,5284991,3.26087979362235
1998,Denmark,DNK,7.7292,49.3966500367421,31937,33609,33129,34907,33830,35680,34520,36054,34123,35808,33524,35315,12.5,11,1.72,176992000955.11,33368.1548509045,1.84565122007891,78.7,73.7,466080,18.0435399053539,1750178,1800252,66.9359115640599,3550427,464854,15.0205485305862,2681113,50.5468098513691,5304219,2.21816188799899
1999,Denmark,DNK,7.4514,49.7075220589187,31017,32903,32609,34461,33667,35496,34254,36067,34557,36188,34216,35930,12.4,11.1,1.73,177965224620.854,33440.8016200638,2.49779544404528,78.8,74,473056,18.2678557939514,1753024,1801772,66.7969177195424,3554798,463111,14.9352264865062,2689192,50.5316369306383,5321799,2.94800709905887
2000,Denmark,DNK,7.1736,49.9772770936251,30421,32393,32176,34037,33414,35201,34189,35934,34556,36285,34570,36301,12.6,10.9,1.77,164158800460.219,30743.5591735847,2.90328203236457,79,74.3,479778,18.4694658160703,1756217,1804068,66.6767767656445,3560284,461506,14.8537574182851,2697501,50.518629549359,5339616,3.74690021235362
2001,Denmark,DNK,6.8958,50.2405937421235,30283,32170,30876,32782,32355,34182,33420,35195,34108,35855,34458,36194,12.2,10.9,1.74,164791416350.267,30751.6494603843,2.33787000255261,79.2,74.5,483708,18.5578852950936,1760643,1806148,66.5599054284926,3566801,462266,14.8822092764138,2706617,50.5080477837217,5358783,0.823149300299249
2002,Denmark,DNK,6.618,50.5052600517984,30457,32134,31751,33388,31300,33141,32501,34295,33392,35157,33993,35743,11.9,10.9,1.72,178635160297.415,33228.6929087101,2.42443661219694,79.2,74.7,487965,18.6522076659828,1764157,1807751,66.4428665792759,3571923,462690,14.9049257547413,2714812,50.4993859810103,5375931,0.466344928484119
2003,Denmark,DNK,6.4682,50.7584664658259,30856,32277,31657,33132,32334,33867,31709,33490,32633,34399,33350,35108,12,10.7,1.76,218095997085.477,40458.7706402839,2.07507820646504,79.5,74.9,491695,18.7258584049506,1766739,1808880,66.3312646371762,3575636,463346,14.9428769578731,2721780,50.4914638438543,5390574,0.390073865051036
2004,Denmark,DNK,6.3184,50.9987050124539,31335,32566,31641,32997,31982,33446,32341,33898,32127,33851,32774,34514,12,10.3,1.78,251373036671.062,46511.6045710347,1.15435693124937,79.9,75.2,494121,18.7531893415237,1769113,1810066,66.2257316212951,3579185,465095,15.0210790371812,2728329,50.4823280867498,5404523,2.66819345941687
2005,Denmark,DNK,6.1686,51.2416651387425,31771,32956,31688,33008,31756,33190,31945,33475,32224,33832,32564,34235,11.9,10.1,1.8,264467308109.19,48799.8203703247,1.81781458291257,80.2,75.6,495050,18.7279566453486,1771681,1811611,66.1193477620127,3583293,468498,15.152695592638601,2735229,50.4707655401875,5419432,2.33666449082062
2006,Denmark,DNK,6.0188,51.5684331947533,32152,33454,31740,32952,31705,33024,31799,33216,31998,33502,32274,33856,12,10.2,1.85,282884912894.33,52026.9931124155,1.92422138464588,80.4,75.9,494502,18.6341575771958,1774509,1812820,65.9768018054836,3587338,474457,15.3890406173205,2743469,50.4567156952603,5437272,3.91298015188963
2007,Denmark,DNK,5.869,51.8914545729122,32535,34093,31992,33493,31721,32960,31733,33051,31854,33252,32062,33541,11.7,10.2,1.84,319423370134.284,58487.0450116405,1.69326586220319,80.5,76,493293,18.5055385261712,1779487,1816117,65.836495606821,3595619,481994,15.6579658670077,2754774,50.4404602593072,5461438,0.909252995846572
2008,Denmark,DNK,5.5824,52.2257696604804,32763,34626,32160,33825,31789,33313,31714,32981,31772,33091,31920,33303,11.8,9.9,1.89,353361056079.716,64322.0666441526,3.41626794258375,80.7,76.3,491830,18.3476830256494,1786824,1822021,65.6919001163194,3608864,491353,15.9604168580313,2770007,50.422251409702596,5493621,-0.512025221805743
2009,Denmark,DNK,5.2958,52.5777966244504,32627,34721,32124,33928,31802,33391,31640,33083,31715,33018,31821,33148,11.4,9.9,1.84,321241396034.248,58163.2935943068,1.30470991024336,80.8,76.5,489350,18.1623925824314,1792751,1827091,65.5403372184697,3619855,501660,16.297270199099,2783761,50.4021936718055,5523095,-4.90652555809709
2010,Denmark,DNK,5.0092,52.9459492095595,32008,34172,31777,33646,31643,33291,31595,33088,31625,33021,31721,33070,11.4,9.8,1.87,321995350346.501,58041.4112245601,2.31092436974789,81.2,77.1,485724,17.9497210002657,1796500,1830717,65.3825742001035,3627218,512733,16.6677047996307,2794956,50.3805954041235,5547683,1.87099263866214
2011,Denmark,DNK,4.7226,53.4751386162482,30738,32736,31981,34118,31871,33766,31799,33502,31767,33323,31777,33229,10.6,9.4,1.75,344003209695.606,61753.6600721804,2.75868226051246,81.9,77.8,483562,17.8105609781917,1798000,1831615,65.1571332537924,3629625,523609,17.0323057680159,2805171,50.3569579164555,5570572,1.33677466666225
2012,Denmark,DNK,4.436,53.9839081137156,28981,30656,29945,31631,31980,34103,31990,33925,31980,33750,31963,33595,10.4,9.4,1.73,327148899962.146,58507.5002096272,2.39791485664639,82.1,78.1,478671,17.5685569968595,1798813,1832448,64.941860672363,3631271,536873,17.4895823307775,2814357,50.3321266424758,5591572,0.226468475871513
2013,Denmark,DNK,4.3734,54.5870369972694,27147,28432,28809,30336,30108,31803,31985,34098,32116,34095,32167,34010,10,9.3,1.67,343584385594.132,61191.1926260428,0.789071780078061,82.4,78.3,472951,17.285236466526,1799254,1832961,64.6884778274995,3632214,552560,18.0262857059745,2824765,50.3080980294497,5614932,0.933349281516229
2014,Denmark,DNK,4.3108,55.2873178939606,25808,26774,27910,29298,29553,31242,30790,32673,31972,34069,32224,34240,10.1,9.1,1.69,352993633221.281,62548.9850174371,0.564020540449518,82.8,78.7,468415,17.0330093288846,1800406,1833814,64.3967581428673,3634215,569158,18.5702325282481,2837979,50.2877865506575,5643475,1.61937497071034
2015,Denmark,DNK,4.2482,55.9833595296141,25362,26180,27472,28783,29134,30799,30397,32296,31313,33341,31932,34002,10.2,9.2,1.71,302673037998.602,53254.8505904922,0.452034153691623,82.7,78.8,466354,16.843159986605,1805396,1838248,64.109395915935,3643647,585517,19.04744409746,2857267,50.2731645834414,5683483,2.34262027436762
2016,Denmark,DNK,4.1856,56.3115025198636,26086,26994,25941,26891,27679,29035,29111,30767,30262,32125,31160,33147,10.8,9.2,1.79,311988101661.744,54467.1014299458,0.249999999999997,82.8,79,463245,16.5943377562865,1815652,1848836,63.9748103510759,3664484,600279,19.4308518926376,2879175,50.2648433515696,5728010,2.39968219011206
2017,Denmark,DNK,4.123,56.6476152797304,27693,28853,28333,29760,26480,27549,27844,29229,29042,30672,30079,31888,10.6,8.2,1.79,329865537183.471,57218.8519619271,1.14713216957606,82.9,79.2,463011,16.4851939051384,1823679,1856545,63.8375415165924,3680222,610928,19.6772645782692,2897618,50.2624115491429,5764980,2.26236630931515
2018,Denmark,DNK,NA,NA,NA,NA,NA,NA,NA,NA,NA,NA,NA,NA,NA,NA,NA,NA,NA,NA,NA,NA,NA,NA,NA,NA,NA,NA,NA,NA,NA,NA,NA,NA,NA,NA
1960,Finland,FIN,29.014,60.6031490969949,42690,44793,40666,42529,39609,41311,39367,40976,39789,41361,40723,42304,18.5,9,2.72,5224102195.52771,1179.35301099994,3.41812725350791,72.4,65.41,659847,30.4066666817,1432559,1325559,62.2652826980623,2758124,203691,7.32805062023772,2296097,51.8349034511172,4429634,NA
1961,Finland,FIN,29.278,60.0225631202392,43348,45396,41891,43899,40349,42168,39602,41292,39524,41139,39991,41575,18.4,9.1,2.72,5921659485.03284,1327.427224366,1.69100191533953,72.24,65.61,656681,30.054436516806,1445808,1341931,62.4911784909394,2787735,208373,7.45438499225453,2310862,51.8013824815685,4461005,7.60467047924432
1962,Finland,FIN,29.542,58.8117695105113,42997,44891,40412,42147,41134,43059,40074,41859,39635,41324,39720,41352,18.1,9.5,2.68,6340580854.39073,1411.70239818044,4.38398278172672,72.24,65.09,647646,29.4387835735483,1464028,1364123,62.967620154365,2828155,213605,7.59359627208664,2325279,51.7713196413016,4491443,2.98194553610325
1963,Finland,FIN,30.41,57.2122947395348,41880,43561,39993,41622,38846,40446,40400,42246,39822,41578,39691,41384,18.2,9.3,2.68,6885920328.66187,1522.3192420995,4.99638188645286,72.68,65.52,634866,28.6477968942812,1486340,1390861,63.6082519319617,2877198,219405,7.74395117375705,2340611,51.7455395032803,4523309,3.2850996357034
1964,Finland,FIN,31.278,55.6535213089487,40413,41881,39382,40903,38770,40334,38529,40128,39646,41405,39550,41269,17.7,9.3,2.59,7766655085.78588,1707.50393824701,10.2758607417486,72.96,65.66,621011,27.8579213091884,1506621,1415604,64.2452627213647,2922223,225112,7.89681596944688,2352743,51.7252019119829,4548543,5.23868659789348
1965,Finland,FIN,32.146,54.3482679608695,38933,40236,38606,40033,38448,39969,38446,40034,38587,40219,38857,40515,17.1,9.7,2.48,8589340019.02985,1882.08685764849,4.94058806755301,72.85,65.29,607700,27.161155347877,1521799,1434975,64.7885412548882,2956775,230458,8.05030339723477,2359957,51.7111135042564,4563732,5.30285780228266
1966,Finland,FIN,33.014,53.5194005971374,37523,38754,38460,39817,38312,39772,38281,39818,38361,39953,38543,40172,17,9.5,2.41,9208524504.87684,2010.21345619725,3.87365401861326,73.17,65.96,597136,26.5947482217757,1534037,1449868,65.1383560552398,2983903,237287,8.26689572298447,2368460,51.7032862087068,4580869,2.3728230152817398
1967,Finland,FIN,33.882,52.7942904971332,36082,37290,36643,38007,37987,39389,38018,39501,38115,39658,38275,39862,16.8,9.5,2.32,9368954010.3132,2034.18904965478,5.37778183372857,73.59,65.93,588441,26.0703787775767,1548086,1466257,65.447464355576,3014343,244718,8.48215686684729,2381245,51.7016296696639,4605744,2.16882888287419
1968,Finland,FIN,32.7628,52.1704623197558,34641,35863,35494,36850,36210,37667,37524,38965,37734,39235,37957,39501,15.9,9.7,2.14,8823033880.32993,1907.07727217667,9.19166799519519,73.55,65.87,579951,25.5833665649113,1559809,1480512,65.7157864216643,3040320,252270,8.7008470134244,2392030,51.7031376217044,4626469,2.30328998355667
1969,Finland,FIN,31.6436,51.5961949675843,33217,34472,34309,35669,35238,36678,36024,37522,37094,38578,37483,39004,14.6,9.9,1.93,10070766720.5011,2178.03525044982,2.2056109352125,73.56,65.64,568633,25.103058378412,1562933,1487134,65.9647083600574,3050066,259120,8.93223326153061,2390686,51.7040847131503,4623785,9.59328778480032
1970,Finland,FIN,30.5244,51.0503131805377,31839,33131,33145,34517,34266,35700,35222,36701,36030,37543,36710,38245,14,9.6,1.83,11365953567.3839,2467.47634653616,2.7404204305122,74.4,66.16,555369,24.615544386547,1560385,1489138,66.2031157111123,3049519,265786,9.1813399023408,2381540,51.7017191831089,4606307,5.33390779168666
1971,Finland,FIN,29.4052,50.4793872925988,30334,31649,31954,33268,33182,34561,34252,35682,35179,36647,35975,37473,13.2,9.9,1.68,12536710287.0134,2718.20755188138,6.47576543061844,74.32,65.92,543564,24.0595716921056,1565980,1498969,66.4542768146058,3064954,274689,9.48615149328852,2384233,51.6949062842447,4612124,2.35692031222435
1972,Finland,FIN,28.286,49.9211724702405,28903,30248,30566,31951,32116,33458,33268,34661,34289,35722,35188,36652,12.7,9.5,1.58,14754136507.0261,3180.00587263802,6.66249783515333,75.02,66.6,534064,23.5024849650798,1578596,1516133,66.7017259305827,3094731,285322,9.79578910433758,2397982,51.68445644046,4639657,7.7354855177018
1973,Finland,FIN,27.3324,49.3906019382662,27763,29140,29469,30869,30983,32401,32300,33674,33377,34786,34349,35788,12.2,9.3,1.49,19486826979.9284,4176.27276078757,10.7544718831369,75.69,66.97,524566,22.9600492443946,1590364,1533046,66.9386044911983,3123410,296153,10.1013462644071,2411083,51.6725448887273,4666081,6.98382797549191
1974,Finland,FIN,26.3788,48.9102628816985,27198,28604,28738,30150,30142,31562,31418,32845,32472,33874,33473,34895,13.3,9.5,1.61,24867278714.3532,5301.54277799545,16.9363999989274,75.55,66.93,515606,22.4555783534403,1600872,1549064,67.1545522783685,3149934,306777,10.3898693681912,2423255,51.6622179960679,4690574,3.23653361293866
1975,Finland,FIN,25.4252,48.489978098907,27385,28812,28494,29915,29575,30994,30625,32042,31637,33056,32608,34031,13.9,9.3,1.68,29494515597.22,6260.19127850933,17.8113972340213,76.14,67.42,507357,22.001551682448,1609519,1563385,67.3446076491884,3172901,316850,10.6538406683636,2433726,51.6556736284062,4711440,1.80489770440417
1976,Finland,FIN,24.4716,48.2032291540241,28568,30026,27613,29044,28536,29961,29509,30930,30513,31932,31530,32951,14.1,9.5,1.7,31873171718.726,6744.69698199575,14.3426930852258,76.31,67.53,497702,21.5270580218936,1614946,1573699,67.4749077873462,3188637,328318,10.9980341907602,2440965,51.6533767936682,4725664,0.344382966187197
1977,Finland,FIN,23.518,48.1169169296819,30485,31960,29813,31268,27788,29215,28524,29942,29386,30799,30343,31754,13.9,9.3,1.68,33524682307.8058,7074.35652980497,11.7933469184053,76.96,67.96,490882,21.1760143183007,1617875,1581561,67.5142386703665,3199434,339091,11.3097470113328,2447847,51.654301128161,4738902,0.239510404024657
1978,Finland,FIN,22.1426,48.0999688376441,32662,34146,30940,32402,29801,31243,27941,29358,28488,29896,29239,30641,13.5,9.2,1.64,36283091407.9422,7634.48240766645,7.79935074552146,77.43,68.58,485653,20.8913063032391,1620076,1588918,67.5219597448811,3209000,349245,11.5867339518798,2454974,51.6561740267863,4752528,2.91970808964352
1979,Finland,FIN,20.7672,47.9929269376765,34450,35946,31975,33447,30218,31669,29102,30534,28110,29523,28470,29872,13.3,9.2,1.64,44498283620.8213,9339.17707570089,7.4669615131074,77.55,68.97,480162,20.605028561129,1622525,1597012,67.5708002670107,3219539,358559,11.8241711718603,2461246,51.6559600330389,4764690,7.12192639417022
1980,Finland,FIN,19.3918,47.7452438713762,35396,36911,32677,34167,30683,32151,29341,30789,28577,30007,28318,29734,13.2,9.3,1.63,53685049410.2646,11232.274564422,11.5946192492108,77.85,69.24,474308,20.2965263041161,1627132,1607851,67.684075348724,3234984,367287,12.0193983471599,2468727,51.6520346590308,4779535,5.38904742478113
1981,Finland,FIN,18.0164,47.7339438896,35169,36681,34801,36288,32552,34019,30851,32299,29654,31085,28917,30332,13.2,9.3,1.64,52485533204.7396,10934.5680935815,11.3057566509549,78.09,69.61,473219,20.1602016544094,1632083,1616956,67.6892428042421,3249059,373561,12.1505555413485,2478863,51.6433611577346,4799964,1.29477446734987
1982,Finland,FIN,16.641,47.4441738735194,34127,35647,32678,34171,34281,35754,32497,33952,31085,32524,30031,31455,13.7,9,1.71,52832120389.7866,10945.2773406605,9.58492764677443,78.58,70.22,470401,19.9307770263283,1642150,1631560,67.8222787532833,3273736,379627,12.2469442203884,2492178,51.6306791459622,4826933,3.08735421419586
1983,Finland,FIN,15.8578,47.0670847481138,32580,34110,32286,33790,31951,33431,33794,35261,32474,33926,31350,32788,13.8,9.3,1.74,51014090520.9223,10505.8336621689,8.3662926064564,78.36,70.24,467065,19.6779303431507,1653709,1648024,67.9961737311962,3301749,385532,12.3258959256531,2506306,51.6148239130216,4855787,3.12105731245734
1984,Finland,FIN,15.0746,46.8508221812047,31014,32546,31784,33293,32217,33706,32367,33838,33290,34752,32435,33885,13.3,9.2,1.69,52926394934.7052,10841.5671289286,7.06765638328174,78.76,70.48,465005,19.4919442805578,1662347,1661969,68.0963192207199,3324328,391529,12.4117364987222,2518881,51.5973476519052,4881803,3.2141281238718
1985,Finland,FIN,14.2914,46.8941082416058,29810,31326,31290,32793,32251,33742,32766,34246,32907,34376,32748,34205,12.8,9.8,1.64,55914236377.5902,11405.9336506035,5.19562195429434,78.51,70.14,464724,19.4014725465363,1665940,1671298,68.0762417484861,3337238,397858,12.5222857049776,2528522,51.5792613647933,4902206,3.53669319186561
1986,Finland,FIN,13.5082,47.0127425985527,29101,30577,30202,31710,31439,32939,32247,33738,32685,34165,32809,34278,12.3,9.6,1.6,73586676049.7302,14962.2553603914,2.93357920442334,78.76,70.56,463422,19.2857248616272,1668187,1677200,68.0213194178658,3345393,404233,12.692955720507,2535842,51.5608450691656,4918154,2.72613808053603
1987,Finland,FIN,12.725,47.3485539916511,28700,30122,30427,31871,30564,32063,31556,33052,32211,33700,32571,34051,12.1,9.7,1.59,91642093872.5822,18580.6586479255,4.11302886205054,78.71,70.67,464107,19.2576661727694,1667057,1680179,67.8662931404486,3347249,410935,12.876040686782,2542099,51.5416766403147,4932123,3.55909597500595
1988,Finland,FIN,12.456,47.8170128393431,28638,30001,30058,31464,31116,32554,30908,32401,31655,33149,32155,33646,12.8,9.9,1.69,109103056147.832,22056.7017537988,5.08592861394881,78.69,70.66,466140,19.2823871058903,1664405,1681923,67.6512224034773,3346355,417933,13.0663904906324,2548478,51.5210244830932,4946481,5.20985868280377
1989,Finland,FIN,12.187,48.2826753757791,28916,30224,29898,31267,30684,32100,31290,32742,31254,32744,31755,33252,12.8,9.9,1.71,119064708327.56,23983.8457535829,6.59290980189127,78.9,70.88,468461,19.3060437623,1663002,1684890,67.4387672376467,3347911,425062,13.2551890000532,2556525,51.4974529436513,4964371,5.08770164671162
1990,Finland,FIN,11.918,48.6812613733845,29500,30765,30020,31358,30494,31890,30920,32360,31293,32765,31610,33103,13.1,10,1.78,141517648888.198,28380.548911275,6.14956531179854,78.88,70.94,470568,19.30660807306,1663879,1689893,67.257980129786,3353773,432098,13.4354117971539,2566545,51.4705717522447,4986431,0.675783493968225
1991,Finland,FIN,11.649,49.0125546789227,30500,31721,29729,31011,30147,31495,30556,31958,30948,32392,31312,32787,13,9.8,1.79,127866490222.026,25503.2152090109,4.31021289843461,79.32,71.33,471862,19.2503274973227,1668088,1696546,67.1084302542774,3364642,439106,13.6412422483999,2579056,51.4397702870655,5013740,-5.91442587353288
1992,Finland,FIN,11.38,49.3721440895689,31847,33033,31288,32550,29949,31250,30264,31624,30608,32018,30966,32415,13.2,9.9,1.85,112625431377.754,22337.4871236912,2.91932319285018,79.43,71.67,473978,19.2242897565375,1672436,1703015,66.9468822628681,3375456,445481,13.8288279805944,2591895,51.4061647658797,5041992,-3.32462938005391
1993,Finland,FIN,10.9968,49.6919707343391,33169,34333,32114,33345,31375,32667,30163,31485,30375,31749,30654,32074,12.8,10.1,1.81,89255751014.885,17617.0304386654,2.19065319556431,79.48,72.11,475710,19.1979792534745,1676059,1708518,66.803843771892,3384581,450924,13.9981769746336,2602693,51.3711748651657,5066447,-0.734493304174322
1994,Finland,FIN,10.6136,49.8874150531553,33966,35121,32654,33863,31696,32958,31052,32363,30377,31719,30487,31874,12.8,9.4,1.85,103321570859.419,20305.5835495475,1.08855677589407,80.15,72.82,476259,19.1347153095183,1680262,1714510,66.7167409213519,3394770,455698,14.1485437691298,2612219,51.3374297883694,5088333,3.93926094970595
1995,Finland,FIN,10.2304,49.9153096298131,33907,35068,32681,33879,31771,33009,31143,32422,30762,32082,30592,31953,12.3,9.6,1.81,134199346405.229,26273.4659031066,0.791239406938448,80.21,72.79,475117,19.0144764461062,1685547,1721569,66.7043302360517,3407117,459964,14.281193317842,2620628,51.3065021140798,5107790,4.20713067270178
1996,Finland,FIN,9.8472,50.1356167176829,32779,33964,33524,34689,32597,33794,31875,33110,31343,32617,30982,32298,11.8,9.6,1.76,132099404607.818,25777.6412996396,0.629194238121014,80.54,73.03,475436,18.9580490790404,1688473,1724822,66.6064432032913,3413296,463908,14.4355077176683,2627816,51.2787269728697,5124573,3.65883306320907
1997,Finland,FIN,9.464,50.059850694414,30809,32034,30984,32194,33170,34338,32540,33737,32006,33237,31568,32838,11.5,9.6,1.75,126833123353.568,24676.4970769622,1.1925588342584,80.51,73.42,472426,18.7788567215853,1694318,1730872,66.6400672703972,3425190,467610,14.5810760080175,2634354,51.2536735161324,5139835,6.25180784114451
1998,Finland,FIN,9.6894,49.8212668078391,28471,29743,29651,30881,30552,31760,32828,33999,32496,33692,32149,33377,11.1,9.6,1.7,133936359590.565,25989.407503518,1.3994737857984,80.84,73.52,467514,18.5328456722206,1701509,1738255,66.7461943108011,3439764,471134,14.7209600169783,2640157,51.2303852883563,5153498,5.42851256695509
1999,Finland,FIN,9.9148,49.6161604224668,26447,27763,28415,29668,29925,31136,31026,32216,32476,33651,32443,33638,11.1,9.6,1.73,135225868314.511,26178.791784550798,1.16223155669443,81.02,73.74,462890,18.3051303283702,1707705,1744777,66.8377020846125,3452484,474505,14.8571675870173,2645100,51.2073117035596,5165474,4.44413427315236
2000,Finland,FIN,10.1402,49.5436301059388,25230,26578,27535,28808,29318,30539,30637,31827,31548,32725,32107,33287,11,9.5,1.73,125539893126.958,24253.2504245786,3.04210080667796,81,74.1,459636,18.1359549448588,1711830,1749507,66.8701187404514,3461337,477898,14.9939263146898,2649364,51.1834821942296,5176209,5.63484745219101
2001,Finland,FIN,10.3656,49.4458873062219,25029,26390,25754,27083,27709,28975,29273,30496,30483,31679,31372,32556,10.8,9.4,1.73,129250111856.823,24913.2445163584,2.57844080098894,81.5,74.6,454107,17.8789492275615,1716985,1754507,66.9138554352397,3471496,483019,15.2071953371987,2654111,51.1585755240717,5188008,2.5807920754502
2002,Finland,FIN,10.591,49.5670962678392,25612,26972,27052,28351,26254,27565,27856,29116,29201,30424,30300,31501,10.7,9.5,1.72,139552983248.635,26834.0262501804,1.57122012789382,81.5,74.9,451300,17.7242065741316,1719751,1757340,66.8596319503707,3477101,488172,15.4161614754977,2659223,51.1330278115371,5200598,1.6803250889493
2003,Finland,FIN,10.319,49.8037297666367,26714,28065,27247,28556,27800,29075,26741,28034,27991,29244,29115,30339,10.9,9.4,1.76,171071106094.808,32816.160880214,0.877440386254743,81.8,75.1,449869,17.6237200606148,1721016,1758869,66.7540126911599,3479896,493324,15.6222672482253,2664210,51.1069107911343,5213014,1.99398408693965
2004,Finland,FIN,10.047,49.9922539066131,27925,29271,27595,28916,27519,28816,27661,28936,27236,28511,28133,29381,11,9.1,1.8,196768065557.487,37636.1117341753,0.187120559084453,82.3,75.3,448128,17.5044947860482,1723696,1761931,66.6701003493772,3485628,498764,15.8254048645746,2670588,51.0807226068051,5228172,3.92605717547447
2005,Finland,FIN,9.775,50.0743349262587,28932,30285,27995,29330,27461,28777,27276,28573,27388,28666,27743,29004,11,9.1,1.8,204436015420.968,38969.171631813,0.623874450025199,82.3,75.5,445351,17.3392975411144,1728482,1767187,66.6336497920583,3495665,504539,16.0270526668273,2678373,51.054596055892,5246096,2.77995503098056
2006,Finland,FIN,9.503,50.1428936360443,29658,31022,28794,30127,28006,29323,27558,28859,27408,28695,27516,28788,11.2,9.1,1.84,216552502822.732,41120.6765061581,1.56666380704384,82.8,75.8,443364,17.1976307277781,1734522,1772977,66.6032094316134,3507504,509415,16.1991598406085,2687301,51.0285616621608,5266268,4.05519744386183
2007,Finland,FIN,9.231,50.1015488325574,30216,31602,28915,30270,28667,29982,28027,29328,27666,28954,27552,28828,11.1,9.3,1.83,255384615384.615,48288.5490978186,2.51066565240339,82.9,75.8,440588,17.0214725744402,1742566,1780851,66.6215680064265,3523428,514218,16.3569594191333,2697372,51.0023559753855,5288720,5.18480080885459
2008,Finland,FIN,8.8694,50.0925402292941,30565,31976,29399,30766,28546,29875,28548,29846,28056,29342,27781,29057,11.2,9.2,1.85,283742493042.332,53401.3148725198,4.06595355358378,83,76.3,437523,16.8298964905744,1750914,1789154,66.625569418384,3540082,520131,16.5445340910415,2708568,50.9761745476747,5313399,0.720668487409924
2009,Finland,FIN,8.5078,50.3341982662858,30676,32110,29764,31143,29044,30379,28503,29805,28430,29714,28087,29360,11.3,9.3,1.86,251499027507.641,47107.1557090705,-9.17360403259616e-7,83.1,76.5,434997,16.6579443968401,1756436,1794891,66.5184629488834,3551335,528721,16.8235926542765,2720153,50.9499702487964,5338871,-8.26903655827105
2010,Finland,FIN,8.1462,50.9483114065022,30546,31996,29942,31335,29413,30762,28963,30277,28595,29884,28312,29584,11.4,9.5,1.87,247799815768.477,46202.4151628454,1.1841352315465,83.2,76.7,433327,16.5225870152757,1756995,1796114,66.247846073508,3553105,540894,17.2295669112163,2731215,50.9236488088227,5363352,2.99233750220186
2011,Finland,FIN,7.7846,52.017230006709,30101,31544,30515,31949,30013,31396,29546,30888,29124,30434,28758,30043,11.1,9.4,1.83,273674236772.815,50790.7241454802,3.41680754255211,83.8,77.3,434079,16.4795345987432,1752912,1791588,65.7820153557773,3544514,555508,17.7384500454795,2742499,50.89755681737,5388272,2.57081774452163
2012,Finland,FIN,7.423,53.3416131828044,29387,30815,29612,31009,30499,31918,30097,31473,29691,31030,29298,30606,11,9.6,1.8,256706466091.089,47415.5598711351,2.80833622561575,83.7,77.7,434730,16.428270564458,1745857,1784783,65.2138747972466,3530660,573580,18.3578546382954,2754167,50.8714796180587,5413971,-1.42618935959564
2013,Finland,FIN,7.2922,54.853467808016,28590,30003,29255,30656,29674,31062,30483,31891,30182,31554,29838,31177,10.7,9.5,1.75,269980111642.898,49638.0771298139,1.47828615688804,84.1,78,435672,16.3886137994664,1736199,1776118,64.577174477653,3512334,593570,19.0342117228805,2765440,50.844909619346,5438972,-0.758036294820087
2014,Finland,FIN,7.1614,56.4003737678647,27976,29378,28951,30361,29623,31032,30031,31431,30453,31854,30254,31625,10.5,9.6,1.71,272609288689.575,49914.6186421589,1.04119621178439,84.1,78.4,437134,16.375702257095,1725204,1766792,63.9384605465814,3492007,613032,19.6858371963235,2775369,50.8168556752769,5461512,-0.631728090593853
2015,Finland,FIN,7.0306,57.8657266131337,27729,29131,28809,30232,29580,31011,30078,31505,30340,31756,30403,31801,10.1,9.6,1.65,232850788304.513,42494.6566238083,-0.207928839905218,84.4,78.7,438949,16.3905613424089,1713626,1757383,63.3449751421297,3471008,630316,20.2644635154614,2782890,50.7870166334426,5479531,0.500662010259816
2016,Finland,FIN,6.8998,59.1234993772953,28009,29412,28110,29521,28993,30418,29638,31067,30071,31495,30318,31728,9.6,9.8,1.57,239009517793.721,43493.4193426133,0.356684500891696,84.4,78.6,439585,16.3703868996782,1704592,1748882,62.8442675916187,3453483,644969,20.785345508703,2789146,50.7550883306249,5495303,2.7719255201694
2017,Finland,FIN,6.769,60.3464256479106,28660,30072,29230,30668,28465,29886,29149,30578,29669,31096,30037,31456,9.1,9.8,1.57,252301837573.029,45804.6542078846,0.754015047084413,84.4,78.6,441521,16.4065562349284,1695010,1740171,62.3649635512257,3435196,657319,21.2284802138458,2793850,50.7215243524766,5508214,2.65252953021526
2018,Finland,FIN,NA,NA,NA,NA,NA,NA,NA,NA,NA,NA,NA,NA,NA,NA,NA,NA,NA,NA,NA,NA,NA,NA,NA,NA,NA,NA,NA,NA,NA,NA,NA,NA,NA,NA
1960,Norway,NOR,27.9588,58.642867837737,32426,34017,30793,32313,29682,31163,29018,30488,28729,30210,28742,30251,17.3,9.1,2.85,5163271598.15702,1441.75566002633,0.360492346844601,75.87,71.34,452223,25.9283233780143,1127457,1129967,63.0346570153247,2257422,217720,11.0370196066609,1797400,50.1893366323257,3581239,NA
1961,Norway,NOR,28.1884,58.9145665816287,32487,34174,31981,33556,30648,32160,29725,31203,29158,30626,28891,30370,17.3,9.2,2.94,5632460936.54576,1560.3249311723,2.15517277670922,76.05,71.17,454736,25.8630916612067,1133961,1137577,62.9268935678591,2271535,222948,11.2100147709342,1811646,50.1868800951722,3609800,6.27333551040729
1962,Norway,NOR,28.418,58.7763776964558,31889,33675,30646,32290,31575,33132,30541,32042,29806,31278,29333,30799,17.1,9.4,2.91,6066976682.67364,1667.2474297782,5.27425952920734,76.05,70.97,454061,25.6171256948623,1143392,1148460,62.9816636028149,2291851,228789,11.4012107023228,1826243,50.1864276699385,3638918,2.81394513844543
1963,Norway,NOR,29.0768,58.4124091454455,30964,32842,30371,32091,29949,31551,31192,32729,30455,31945,29908,31372,17.3,10,2.93,6510239502.76489,1775.58265544979,2.47161052896496,75.49,70.78,451320,25.2710783660062,1153901,1160654,63.1263612547527,2314551,234962,11.6025603792411,1840183,50.1885815899319,3666537,3.78504308366034
1964,Norway,NOR,29.7356,58.1238406100435,30204,32155,30196,31983,30171,31832,30133,31700,30801,32315,30363,31836,17.7,9.5,2.98,7159202706.48027,1937.88461385928,5.86701538751922,76.08,71.23,449185,24.9616551135896,1163925,1172432,63.2415689958998,2336358,241210,11.7967758905106,1854320,50.1935505519404,3694339,5.00965098662395
1965,Norway,NOR,30.3944,58.0672428381533,29959,31954,30257,32096,30432,32143,30500,32112,30481,32018,30392,31877,17.8,9.4,2.94,8058681060.159,2164.46882336736,4.18722443998003,76.53,71.05,449088,24.759086074959,1172607,1182826,63.2642074844078,2355433,247408,11.9767064406332,1869103,50.2019489015446,3723168,5.2856088005522
1966,Norway,NOR,31.0532,58.1684714307268,30404,32428,30111,32064,30306,32124,30417,32123,30455,32070,30433,31976,17.9,9.6,2.9,8696460205.3397,2317.19488382656,3.25056334305301,76.71,71.41,449592,24.5962429834949,1180531,1192269,63.2237381477865,2372794,254395,12.1800188687186,1884518,50.213485462479,3753012,3.7865132548973
1967,Norway,NOR,31.712,58.4937694084341,31320,33345,31253,33169,30242,32150,30333,32127,30380,32077,30388,32002,17.6,9.6,2.81,9514496703.39762,2514.04377214705,4.57926975754,76.94,71.33,452434,24.5465099443362,1187209,1200610,63.0939573057766,2387815,261244,12.3595327498872,1900887,50.2277094545198,3784539,6.25607900635565
1968,Norway,NOR,32.035,58.9526289024544,32400,34396,31905,33829,31465,33319,30359,32219,30345,32114,30329,32015,17.6,9.9,2.75,10159934136.7838,2662.11749153117,3.44829324254209,76.8,71.22,456606,24.5647843335202,1192920,1208099,62.9118283526447,2401021,268004,12.5233873138351,1917531,50.2433536069038,3816486,2.25987552819265
1969,Norway,NOR,32.358,59.3553650894889,33208,35144,32401,34308,31733,33603,31193,33018,30479,32294,30362,32107,17.6,10.1,2.7,11063065083.4888,2875.23584396858,2.96294951075211,76.67,70.8,460270,24.5619814340656,1198705,1215840,62.7528220178754,2414545,274829,12.6851965480591,1933804,50.2586074431832,3847707,4.50461145559125
1970,Norway,NOR,32.681,59.6020329501991,33434,35278,32588,34450,31898,33760,31349,33194,30926,32741,30612,32386,16.7,10,2.5,12814123115.2613,3306.21947607769,10.6372065264183,77.32,71.01,462249,24.4919325294242,1204525,1223869,62.6558412408477,2428392,281674,12.8522262297281,1948448,50.2726358722503,3875763,1.94330050548352
1971,Norway,NOR,33.004,59.9773992681199,32960,34661,33214,35033,32553,34393,31978,33821,31486,33315,31071,32873,16.8,10,2.49,14583114840.0629,3736.34873749991,6.22386323501295,77.36,71.15,465305,24.4798757780834,1209665,1230075,62.5088310177865,2439744,287655,13.0112932041301,1962625,50.2845382935999,3903039,5.67244997653233
1972,Norway,NOR,33.327,60.1104366007282,31967,33499,31933,33587,33021,34822,32544,34371,32084,33916,31647,33468,16.3,10,2.38,17358610849.701,4413.57569168528,7.25843582961514,77.51,71.33,466821,24.3706664802446,1217255,1239176,62.4568824714488,2456432,294027,13.1724510483066,1978103,50.2949620792094,3933004,5.33059794526874
1973,Norway,NOR,31.537,60.084103922182,30602,31963,31227,32756,31659,33315,32838,34626,32546,34363,32200,34026,15.5,10.1,2.23,22534253702.8686,5689.5888066967,7.41947283637505,77.71,71.33,466772,24.1963622518874,1225190,1248892,62.4671720525288,2474082,300425,13.3364656955839,1992388,50.3050516246066,3960612,4.53296053347873
1974,Norway,NOR,29.747,60.011001298876,29096,30316,30337,31752,31252,32817,31875,33553,32647,34418,32539,34344,15,9.9,2.13,27145693810.1341,6811.52733653232,9.41176813211894,77.96,71.7,465952,24.0015093805644,1232532,1258084,62.4957065699954,2490615,306783,13.5027840494402,2005268,50.3171435130534,3985258,3.92302668097744
1975,Norway,NOR,27.957,59.9280759006376,27642,28778,29332,30658,30613,32093,31530,33130,32125,33813,32440,34190,14.1,10,1.98,32877805200.023,8204.45151152979,11.6892234816853,78.07,71.72,464647,23.7984436747121,1239164,1266533,62.5281091887762,2505697,313162,13.6734471365117,2016974,50.3323331734874,4007313,4.95203452122087
1976,Norway,NOR,26.167,59.7816320764002,26292,27427,27919,29089,29450,30785,30631,32106,31495,33084,32074,33754,13.3,10,1.86,35942270686.3374,8927.20162734477,9.16147276547565,78.21,72.02,461395,23.5189541834524,1245884,1273902,62.5854164209585,2519784,319919,13.895629395589,2027198,50.3507532635212,4026152,5.82555102555639
1977,Norway,NOR,24.377,59.5886901839183,24998,26191,27048,28324,28187,29384,29559,30897,30639,32101,31449,33020,12.6,9.8,1.75,41508030431.1074,10266.1206718698,9.10383971160296,78.67,72.26,457603,23.2263934941016,1252449,1281072,62.6610835416497,2533516,326588,14.1125229642487,2036640,50.3719152839713,4043205,4.16076721203287
1978,Norway,NOR,22.877,59.3258077635114,23893,25177,25885,27170,27557,28863,28447,29668,29661,30997,30639,32085,12.8,10,1.77,46523091009.6713,11462.6415912182,8.16167154339621,78.63,72.36,453134,22.9109158172962,1259034,1288372,62.7644774822914,2547404,333208,14.3246067004124,2045376,50.395227023349,4058671,3.86933213854486
1979,Norway,NOR,21.377,58.959936018161,23129,24501,24912,26212,26478,27745,27835,29102,28703,29947,29758,31091,12.7,10.2,1.75,53132244623.9213,13046.5372210653,4.50972761206205,78.82,72.17,447788,22.5603923328721,1265802,1296177,62.9089378786644,2561977,339770,14.5306697884636,2053360,50.4199367768468,4072517,4.37251015230848
1980,Norway,NOR,19.877,58.49306635022,22803,24234,24243,25554,25582,26824,26817,28032,27942,29169,28955,30222,12.5,10.1,1.72,64439382896.0156,15772.2409073814,10.8786610878661,79.17,72.34,441707,22.1765576558047,1272974,1304817,63.0942498377416,2577791,346330,14.7291925064536,2061011,50.445489186431,4085620,4.56461824934691
1981,Norway,NOR,18.377,57.8844563777826,23015,24464,23102,24492,24370,25665,25600,26841,26777,28001,27888,29126,12.4,10.2,1.7,63596654760.8677,15512.5067043575,13.6429608127721,79.27,72.63,433825,21.7041927331553,1281978,1314660,63.3374506248272,2596647,353397,14.9583566420174,2069200,50.4719717665933,4099702,1.59826564302841
1982,Norway,NOR,16.877,57.2809362579801,23670,25109,23981,25294,23382,24732,24476,25755,25596,26836,26715,27948,12.5,10.1,1.71,62647195537.6511,15224.8939100982,11.3409961685824,79.54,72.65,426705,21.2631792973003,1291123,1325068,63.5804980814304,2616202,360087,15.1563226212692,2077916,50.4987535417655,4114787,0.235335431978683
1983,Norway,NOR,17.067,56.6762605654328,24611,26023,24252,25564,24223,25469,23653,24963,24574,25837,25582,26824,12.1,10.2,1.66,61627240831.0948,14927.5174766339,8.4652443220922,79.56,72.74,419715,20.8379994593395,1299706,1335289,63.8258879378168,2635008,366434,15.3361126028437,2085855,50.5241493210958,4128432,3.9727712969673
1984,Norway,NOR,17.257,56.0853743961262,25606,26994,24670,25988,24173,25441,24060,25298,23926,25201,24673,25926,12.1,10.3,1.66,62057955032.7758,14989.4857665906,6.21827411167513,79.61,73,412521,20.4191222028153,1307437,1345008,64.0675036029566,2652458,372657,15.5133741942281,2092615,50.5450472601441,4140099,6.05244518264439
1985,Norway,NOR,17.447,55.5437605373234,26479,27862,25153,26488,24318,25615,23919,25189,23899,25153,24203,25450,12.3,10.7,1.68,65416879914.3907,15753.5527652129,5.71485463958584,79.41,72.59,405530,20.0151934516464,1314896,1354782,64.2905970352303,2669677,379084,15.6942095131233,2099510,50.5599537310705,4152516,5.55331802706907
1986,Norway,NOR,17.637,55.277398238998,27159,28530,26291,27654,25159,26481,24443,25732,24099,25366,24085,25338,12.6,10.5,1.71,78693253275.995,18883.265802712,7.17649274816349,79.76,72.89,401161,19.7259650370012,1321322,1362478,64.4008786080806,2683813,384845,15.8731563549181,2107328,50.5675268713013,4167354,4.04232583660323
1987,Norway,NOR,17.827,55.007117457485,27698,29070,26245,27588,26113,27465,25175,26491,24577,25866,24289,25559,12.9,10.7,1.74,94230055658.6271,22505.8977117052,8.71704745166959,79.58,72.75,397177,19.4407026755399,1329072,1372016,64.5131751663734,2701105,391015,16.0461221580867,2117263,50.5686926017179,4186905,1.75337658730159
1988,Norway,NOR,17.4112,54.7698061428659,28116,29507,26843,28206,25863,27200,25939,27285,25195,26511,24716,26009,13.7,10.8,1.84,101900260856.222,24207.281468963,6.67636598771419,79.56,73.04,394062,19.1903833744733,1337370,1382459,64.612077225541,2719838,397116,16.1975393999856,2128548,50.565495288946,4209488,-0.255353834207426
1989,Norway,NOR,16.9954,54.6027490453688,28463,29893,27430,28826,26571,27939,25883,27226,25763,27103,25213,26529,14,10.7,1.89,102633789557.535,24281.0961405377,4.54614335505383,79.84,73.32,391913,19.0136252573873,1343380,1390657,64.6818998599662,2734040,401888,16.3044748826465,2137180,50.5613901748083,4226901,1.0382851046655
1990,Norway,NOR,16.5796,54.5146881872651,28777,30264,27978,29424,27251,28661,26604,27983,26045,27398,25583,26915,14.4,10.9,1.93,119791683307.507,28242.943738533,4.13103348311347,79.8,73.43,391307,18.9252899205022,1347834,1397193,64.7187556285957,2745029,405283,16.3559544509022,2144423,50.5584507377182,4241473,1.93243886932204
1991,Norway,NOR,16.1638,54.6003572501317,29061,30629,28783,30278,28045,29498,27355,28771,26724,28108,26165,27522,14.3,10.5,1.92,121872464483.487,28596.9330036444,3.43819599109133,80.1,74.01,393550,18.9460708364104,1353745,1402862,64.6829080230314,2756612,407338,16.3710211405582,2154633,50.5576928256819,4261732,3.08467424304555
1992,Norway,NOR,15.748,54.6991516523399,29296,30964,28921,30516,28795,30295,28118,29575,27464,28883,26849,28236,14,10.4,1.88,130838040067.584,30523.9850558974,2.32808504911854,80.36,74.16,397340,19.0230678575613,1361035,1409757,64.6416006027,2770798,408749,16.3353315397387,2167123,50.5581005827355,4286401,3.57440330815982
1993,Norway,NOR,15.162,54.8141866420036,29458,31226,29284,30961,28982,30580,28807,30312,28191,29652,27573,28995,13.8,10.8,1.86,120579072750.596,27963.6652188271,2.28826933193056,80.23,74.22,402274,19.150396081531,1368479,1416780,64.5935589146375,2785268,409305,16.2560450038316,2180058,50.558030388321,4311991,2.8453121562785
1994,Norway,NOR,14.576,54.9125828349217,29522,31362,29543,31287,29396,31056,29110,30696,28816,30330,28261,29730,13.9,10.2,1.87,127131461119.927,29315.8419070199,1.37567498071484,80.64,74.88,407674,19.3032085986436,1375625,1423760,64.552522506026,2799393,409073,16.1442688953304,2192372,50.5549316199314,4336613,5.05545352592513
1995,Norway,NOR,13.99,54.9632550942165,29473,31343,29684,31470,29694,31405,29534,31178,29233,30817,28821,30351,13.8,10.4,1.87,152027402449.804,34875.1973878148,2.46036778693723,80.82,74.8,412958,19.4591017392967,1382306,1430737,64.5314226373055,2813043,408179,16.0094756233978,2203443,50.5471495737573,4359184,4.15395057661902
1996,Norway,NOR,13.404,55.0101115024886,29327,31151,29644,31487,29804,31579,29780,31490,29600,31247,29290,30879,13.9,10,1.89,163517783497.163,37321.4433901355,1.26253249164498,81.07,75.37,417942,19.598748887203,1389322,1437146,64.5119091761853,2826484,406767,15.8893419366117,2214031,50.5332424963301,4381336,5.02799544707212
1997,Norway,NOR,12.818,54.9818092008397,29094,30835,29642,31383,29816,31641,29925,31698,29867,31584,29666,31327,13.6,10.1,1.86,161354369892.838,36628.5174155741,2.56692335900259,80.97,75.45,422951,19.729893838872,1397289,1445067,64.5237092280955,2842371,404987,15.7463969330325,2225227,50.5141319549548,4405157,5.28468478923982
1998,Norway,NOR,12.2498,54.877538602627,28799,30427,29476,31163,29914,31639,29985,31799,30043,31820,29951,31682,13.2,10,1.81,154165219811.533,34788.7785642698,2.25241329996425,81.3,75.5,427913,19.8448067065304,1406559,1454701,64.5671284856209,2861269,403103,15.5880648078487,2237575,50.4928965471497,4431464,2.62439689449856
1999,Norway,NOR,11.6816,54.6903964928764,28477,29977,29240,30855,29778,31473,30110,31856,30149,31950,30156,31936,13.3,10.1,1.85,162286003692.686,36371.3957875661,2.36596736596735,81.1,75.6,432759,19.9326375211108,1417871,1466546,64.6452484173014,2884415,401470,15.4221140615878,2252100,50.4738704088146,4461913,2.01330755633697
2000,Norway,NOR,11.1134,54.4161248651728,28160,29532,28962,30489,29561,31202,29973,31693,30216,31983,30307,32092,13.2,9.8,1.85,171315639982.731,38146.7153917477,3.08550609131277,81.4,76,436719,19.9834999012083,1429606,1478746,64.7600651380516,2908353,399795,15.25643496074,2266121,50.4595416030004,4490967,3.20528507503268
2001,Norway,NOR,10.5452,54.1119158940728,27840,29069,28374,29761,29082,30606,29622,31249,30004,31704,30240,31985,12.6,9.7,1.78,174003247439.305,38549.5893413937,3.00419703998231,81.5,76.2,438689,19.9650685529648,1440515,1488349,64.8879043232087,2928878,398060,15.1470271238265,2277264,50.4516885286966,4513751,2.08532803533058
2002,Norway,NOR,9.977,53.7228729114085,27519,28601,28273,29552,28582,29980,29196,30713,29676,31286,30028,31704,12.2,9.8,1.75,195418347152.985,43061.1503812416,1.28672528415185,81.6,76.5,440116,19.9129612084771,1452822,1499320,65.0521258270148,2952169,396471,15.0349129645081,2289408,50.4479415717099,4538159,1.43770880476717
2003,Norway,NOR,9.7642,53.2822242041159,27294,28264,27956,29121,28535,29860,28793,30207,29313,30829,29734,31331,12.4,9.3,1.8,228752436371.854,50111.6544494522,2.48782553461785,81.9,77,441023,19.8274613324067,1466234,1511803,65.2391432496314,2978072,395322,14.9333954179619,2302579,50.441456809659996,4564855,0.919841887662983
2004,Norway,NOR,9.5514,52.8560372161148,27285,28228,27799,28908,28282,29534,28730,30104,29017,30463,29443,30975,12.4,9,1.83,264357494659.388,57570.2691601943,0.454498502220854,82.3,77.5,441403,19.7220920992368,1479289,1524754,65.4210308611126,3004075,394692,14.8568770396506,2315385,50.4231429186575,4591910,3.95903803227785
2005,Norway,NOR,9.3386,52.5023081711071,27564,28596,27870,29010,28203,29445,28554,29890,28909,30332,29259,30759,12.3,8.9,1.84,308722079937.912,66775.3943971756,1.53213367609252,82.5,77.7,441884,19.6121677830153,1492559,1539062,65.5727831405304,3031621,395101,14.8150490764543,2329544,50.3871353666674,4623291,2.6247205350504
2006,Norway,NOR,9.1258,52.0086195284438,28145,29335,27796,28830,28050,29169,28349,29556,28679,29976,29026,30411,12.6,8.9,1.9,345424664369.357,74114.697150083,2.32934980757545,82.7,78.1,441984,19.4453325116037,1508388,1557642,65.7857468430818,3066061,395423,14.7689206453145,2345795,50.3316452196481,4660677,2.39509246796905
2007,Norway,NOR,8.913,51.5887813162717,29025,30489,28688,30031,28034,29085,28237,29351,28502,29691,28811,30085,12.4,8.9,1.9,401082621082.621,85170.8621662157,0.712589073634205,82.7,78.2,443246,19.2986637986562,1526775,1579713,65.9679493046939,3106532,396806,14.7333868966499,2366827,50.2601461886825,4709153,2.98505483698031
2008,Norway,NOR,8.3382,51.2409261064869,29990,31768,29320,30847,28875,30225,28284,29366,28436,29557,28666,29850,12.7,8.7,1.96,462554432624.114,97007.9418918692,3.75393081761006,83,78.3,445402,19.1560815683585,1547589,1605100,66.1196724070395,3152726,399610,14.724246024602,2392602,50.1781863969713,4768212,0.480792154242835
2009,Norway,NOR,7.7634,50.9763839401288,30742,32774,29874,31567,29257,30701,28863,30138,28553,29674,28653,29792,12.8,8.6,1.98,386622457579.95,80067.1766382996,2.19738586853571,83.1,78.6,447219,18.9955833426555,1567809,1630501,66.2355246748619,3198332,403824,14.7688919824825,2418851,50.0929529368529,4828726,-1.69104361083842
2010,Norway,NOR,7.1886,50.8270535669114,31080,33229,30223,32018,29593,31123,29168,30510,28925,30149,28840,30007,12.6,8.5,1.95,429130952709.224,87770.2668443401,2.41890639481001,83.2,78.9,448475,18.8115626300943,1586725,1654903,66.301102892868,3241628,409923,14.8873344770377,2445123,50.0101721737628,4889252,0.691663072400317
2011,Norway,NOR,6.6138,51.0229158643812,30815,32875,31105,33180,30412,32193,29880,31430,29496,30875,29249,30511,12.2,8.4,1.88,498831558925.86,100711.224780553,1.28495158809159,83.6,79.1,450870,18.6736384041135,1603841,1675846,66.2151206798455,3279693,418423,15.111240916041,2473134,49.9311483938567,4953088,0.971934878567197
2012,Norway,NOR,6.039,51.2372127559935,30133,31966,30047,31755,31165,33176,30637,32412,30200,31780,29856,31281,12,8.4,1.85,510229136226.902,101668.170658652,0.696864111498241,83.5,79.5,451967,18.4710635879,1620989,1697352,66.1212963190195,3318346,429068,15.4076400930805,2502024,49.8552873104549,5018573,2.72162679227745
2013,Norway,NOR,5.9496,51.4913461601549,29291,30834,29772,31374,30113,31741,31234,33183,30870,32641,30530,32141,11.6,8.1,1.78,523502127659.574,103059.24822759,2.12048620353119,83.8,79.8,452256,18.2515179430151,1636082,1716999,66.0103669397162,3353078,440488,15.7381151172687,2528826,49.7837248333053,5079623,1.04438907843544
2014,Norway,NOR,5.8602,51.794070518266,28664,29972,29576,31092,30236,31887,30676,32398,31277,33158,31077,32839,11.5,7.9,1.75,499338534779.159,97199.9190963458,2.0417028670721,84.2,80.1,453132,18.0749569432667,1649503,1734844,65.8787182331964,3384343,451429,16.0463248235369,2554063,49.7167192543169,5137232,1.97511744594576
2015,Norway,NOR,5.7708,52.1267547284102,28520,29728,29582,31070,30352,32028,30868,32650,31164,32985,31276,33081,11.3,7.8,1.72,386663139402.707,74521.56993249,2.17113665389528,84.2,80.5,454820,17.962316503828202,1660660,1750050,65.7346500928106,3410713,460908,16.3030334033612,2576388,49.6547096663024,5188607,1.97005293385466
2016,Norway,NOR,5.6814,52.4838216809139,29110,30417,28955,30275,29788,31327,30410,32098,30845,32619,31118,32924,11.3,7.8,1.71,371344761904.762,70941.5252680833,3.55000000000002,84.2,80.7,455287,17.8268610883907,1670565,1762276,65.5807169741949,3432835,470352,16.5924219374144,2596205,49.5977784421577,5234519,1.1873547638491
2017,Norway,NOR,5.592,52.8939934345293,30167,31702,30558,32245,29341,30759,29944,31520,30416,32100,30770,32519,10.7,7.7,1.71,399488897844.046,75704.2486981247,1.87510059552548,84.2,80.9,457279,17.7737215201994,1679050,1772340,65.4047973539328,3451390,478217,16.8214811258678,2614545,49.5463569736624,5276968,1.98043774938603
2018,Norway,NOR,NA,NA,NA,NA,NA,NA,NA,NA,NA,NA,NA,NA,NA,NA,NA,NA,NA,NA,NA,NA,NA,NA,NA,NA,NA,NA,NA,NA,NA,NA,NA,NA,NA,NA
1960,Sweden,SWE,39.6556,51.9566048024961,54919,58036,51721,54780,49698,52723,48698,51709,48572,51583,49167,52190,13.7,10,2.17,14842870293.4207,1983.10654403097,4.14177915090216,74.87,71.23,816765,22.4325072371786,2456706,2468814,65.8082552950247,4925522,477986,11.7592374677967,3751458,50.1219773616859,7484656,NA
1961,Sweden,SWE,40.5038,51.7825778582262,55928,58989,54236,57320,51575,54616,49883,52899,49045,52051,48945,51952,13.9,9.8,2.21,16147160122.7882,2147.22931080409,2.15797310981959,75.39,71.65,811332,22.1783779168124,2468675,2485774,65.8837151457581,4954454,488498,11.9379069374295,3768506,50.1131247407932,7519998,5.6815373442638
1962,Sweden,SWE,41.352,51.4155481923959,56280,59264,53097,56062,53598,56661,51471,54506,50109,53128,49431,52445,14.2,10.2,2.25,17511477311.4463,2315.84652740222,4.76619721905829,75.43,71.37,803146,21.8351683988239,2485596,2508329,66.0434119842746,4993931,499754,12.1214196169015,3788496,50.1018527436253,7561588,4.25877299399151
1963,Sweden,SWE,41.7038,50.9955866870686,56177,59089,53721,56647,51895,54840,52991,56040,51396,54431,50364,53392,14.8,10.1,2.33,18954132365.5148,2492.54534595494,2.87174034485769,75.64,71.57,793815,21.4641974658312,2503714,2532413,66.2271044703521,5036126,511419,12.3086980638167,3808948,50.0892162999628,7604328,5.32789781057986
1964,Sweden,SWE,42.0556,50.7064542697566,55957,58837,54331,57243,53003,55946,51963,54934,52392,55426,51331,54366,16,10,2.47,21137242560.8543,2758.94346624034,3.3876623108835,75.91,71.66,787877,21.1502290310704,2524398,2559233,66.354158400256,5083627,524278,12.4956125686735,3836553,50.0766970631874,7661354,6.82145671417409
1965,Sweden,SWE,42.4074,50.6384139931606,55869,58781,54944,57878,54050,57005,53211,56187,52451,55447,51795,54808,15.9,10.1,2.39,23260320646.2745,3007.59797817136,5.01277129643832,76.1,71.73,787056,20.9340105114171,2546483,2587562,66.3841347291578,5134051,538500,12.681854759425,3872038,50.06608846895,7733853,3.82145314801153
1966,Sweden,SWE,42.7592,50.8814270724029,55935,58994,55986,58924,55119,58072,54252,57224,53417,56410,52644,55660,15.8,10,2.37,25302033132.3312,3240.61103693285,6.40480825348421,76.45,71.82,790781,20.8329246213962,2564260,2610543,66.2772058087208,5174790,553294,12.8898695698831,3908335,50.0568248392737,7807797,2.09083647876747
1967,Sweden,SWE,43.111,51.2392384303275,56081,59350,56085,59252,56126,59083,55316,58281,54476,57457,53644,56648,15.4,10.1,2.28,27463409201.8822,3490.55033678895,4.28931922993324,76.54,71.82,795165,20.7890342026639,2575424,2626906,66.1204100048414,5202308,567260,13.0905557924948,3937849,50.0493530772729,7867931,3.36549793942827
1968,Sweden,SWE,40.9948,51.7174233932065,56190,59669,56506,59801,56477,59635,56256,59220,55504,58468,54692,57669,14.3,10.4,2.07,29143383490.5896,3683.31369387653,1.94312582473236,76.37,71.69,800043,20.8002269361529,2579472,2635692,65.912009107664,5215138,580330,13.2877639561831,3959845,50.0468692298753,7912273,3.638252334236
1969,Sweden,SWE,38.8786,52.2467268591108,56101,59707,56686,60053,56887,60076,56763,59826,56352,59301,55658,58600,13.5,10.5,1.93,31649203885.888,3972.00274870609,2.69199458555702,76.61,71.68,806841,20.8278704040954,2586676,2647003,65.6828625103631,5233658,594747,13.4892670855416,3988264,50.0530663663196,7968072,5.00964955577044
1970,Sweden,SWE,36.7624,52.7626355676271,55708,59301,56557,59906,56993,60158,57072,60108,56855,59808,56399,59309,13.7,9.9,1.92,37555366021.0315,4669.43867205361,7.0163588510076504,77.2,72.22,815128,20.8381564748782,2600603,2664300,65.4610302577954,5264900,611339,13.7008132673264,4027069,50.0704849676142,8042801,6.04200875163579
1971,Sweden,SWE,34.6462,53.4908536643151,55184,58691,55906,59423,56642,59967,57004,60182,57045,60114,56817,59812,14.1,10.2,1.96,40980345656.3725,5060.34273918223,7.39554113837636,77.4,71.98,821185,20.853991696675,2606409,2669704,65.1504676564729,5276102,629688,13.995540646852,4057283,50.100212480598,8098334,0.944646242374219
1972,Sweden,SWE,32.53,54.197219730516,54419,57704,55702,58902,56052,59472,56675,59955,56964,60132,56965,60046,13.8,10.3,1.91,48263914958.8443,5942.14877052612,6.00738969862495,77.53,72.04,824079,20.8602424943713,2602599,2664894,64.8520112011344,5267475,645906,14.2877463044944,4072583,50.1407584183427,8122300,2.2887387961843
1973,Sweden,SWE,30.2602,54.8470639374332,53424,56415,54868,57897,55910,58967,56171,59481,56680,59902,56895,60041,13.5,10.5,1.87,58567384058.8006,7198.27165659338,6.71799739819353,77.71,72.16,825279,20.8431034013208,2596643,2657783,64.5798529319036,5254418,661550,14.5770436667755,4083473,50.1882575661852,8136312,3.96798113110084
1974,Sweden,SWE,27.9904,55.3995542141692,52221,54930,53823,56674,55047,58007,55928,58966,56292,59490,56687,59849,13.5,10.6,1.87,65082581294.7696,7975.85051569152,9.9117253011324,77.9,72.2,825951,20.7888017178438,2595324,2655631,64.3502519217105,5250952,678044,14.8609463604457,4099320,50.2370393007747,8159955,3.19819562991816
1975,Sweden,SWE,25.7206,55.8313018522238,50843,53345,52616,55317,54032,56889,55122,58092,55914,58961,56435,59528,12.6,10.8,1.77,81716751697.8951,9974.65732087962,9.77987398822574,77.94,72.17,825551,20.6899189249195,2598582,2658664,64.1719631002252,5257248,695278,15.1381179748553,4119411,50.2830978972328,8192437,2.5528626755675
1976,Sweden,SWE,23.4508,56.1398897905687,49249,51623,51149,53634,52802,55464,54135,56941,55173,58089,55938,58936,12,11,1.68,88102107647.0993,10715.0380863788,10.2492246529784,77.94,72.14,823072,20.5430602916195,2603498,2662471,64.0451359310657,5265974,711251,15.4118037773148,4137821,50.3244642900791,8222286,1.0581048604984
1977,Sweden,SWE,21.181,56.2899412004919,47525,49848,49730,52205,51476,53953,53010,55642,54260,57024,55246,58119,11.6,10.7,1.64,93136775102.6419,11287.1991292101,11.4418051091076,78.54,72.37,818280,20.3462738593537,2610484,2669137,63.9836401660709,5279636,726871,15.6700859745755,4155635,50.361933277839,8251540,-1.59625858231219
1978,Sweden,SWE,19.485,56.3057879196365,45873,48205,48240,50649,50279,52768,51806,54281,53221,55829,54389,57118,11.3,10.8,1.6,102969762221.976,12442.5751201788,9.99526541717738,78.66,72.43,811305,20.1120180771434,2617708,2676780,63.9771551839741,5294493,741619,15.9108267388825,4170632,50.3967418841277,8275599,1.75154804323884
1979,Sweden,SWE,17.789,56.2145930135424,44555,46925,46911,49280,48983,51378,50785,53227,52113,54587,53408,55992,11.6,11,1.66,121646718574.328,14667.4031201028,7.20978617047807,78.71,72.49,802881,19.8570771600926,2624529,2684625,64.0145069827083,5309157,755201,16.1284158571991,4182611,50.431313460874,8293678,3.84000351457658
1980,Sweden,SWE,16.093,56.0320665814522,43766,46182,45865,48218,47773,50106,49492,51843,51026,53425,52379,54849,11.7,11,1.68,140088635568.375,16856.7610864306,13.7063223649004,78.85,72.78,793828,19.5893432902799,2632275,2693898,64.0893864583186,5326168,767965,16.3212702514015,4194068,50.4669066202391,8310531,1.69997141885594
1981,Sweden,SWE,14.397,55.8167533688182,43651,46110,44159,46551,46004,48343,47749,50074,49385,51727,50898,53285,11.3,11.1,1.63,127858412114.39,15366.6685913567,12.1039385302599,79.13,73.07,781544,19.2610936073095,2639742,2700175,64.177953185475,5339929,780935,16.5609532072155,4202221,50.5044085677569,8320503,0.454830446046927
1982,Sweden,SWE,12.701,55.5483996210157,44038,46547,44878,47262,44507,46872,46096,48416,47678,49989,49227,51557,11.1,10.9,1.62,112767844570.719,13545.2591192277,8.58918509047116,79.38,73.42,769650,18.9532890925844,2646216,2705955,64.2886753887573,5352201,791915,16.7580355186583,4207781,50.5423181519787,8325263,1.24866467556859
1983,Sweden,SWE,12.5146,55.2579360826061,44925,47498,44904,47342,45218,47564,44838,47178,46169,48475,47587,49888,11,10.9,1.61,103533702638.547,12430.4589306522,8.87302152363218,79.63,73.62,758270,18.6612737704896,2652377,2712231,64.4089494521595,5364643,801978,16.9297767773509,4212624,50.5775918485352,8329033,1.9006386904707
1984,Sweden,SWE,12.3282,55.0079785384567,46283,48938,45408,47925,45042,47457,45122,47468,45180,47509,46254,48561,11.3,10.9,1.66,107661673734.858,12914.3306819572,8.04424238994422,79.93,73.85,747890,18.3893775388349,2658459,2719684,64.512807477783,5378178,812459,17.0978149833822,4218807,50.6058190667068,8336605,4.22953524448965
1985,Sweden,SWE,12.1418,54.8625903771537,48046,50808,46428,49051,45441,47954,45013,47444,45072,47446,45547,47887,11.8,11.3,1.74,112514448261.835,13474.1613455755,7.37257458126244,79.7,73.78,739337,18.1547042159688,2664005,2728125,64.5733753929931,5392126,823975,17.2719203910381,4227317,50.6242065652426,8350386,2.16037374180449
1986,Sweden,SWE,11.9554,54.8862044276893,50143,52959,48110,50835,46630,49232,45719,48223,45318,47747,45364,47740,12.2,11.1,1.8,148376104539.839,17727.4953335175,4.23591011089793,80.03,73.98,734951,18.0068930322986,2669093,2734729,64.5635313296177,5403857,833711,17.4295756380837,4237755,50.6313247712847,8369829,2.69132319225005
1987,Sweden,SWE,11.769,54.9989903975176,52545,55430,49834,52590,48191,50898,46847,49448,46013,48526,45637,48084,12.5,11.1,1.84,180429286795.786,21485.2938691812,4.18857151771367,80.15,74.18,732997,17.9043459632616,2674601,2743337,64.5165523183791,5417974,844093,17.5791017183593,4251691,50.6286028735588,8397804,3.35384296834795
1988,Sweden,SWE,11.6892,55.1885930841323,54989,57949,51978,54820,49626,52363,48285,50989,47078,49690,46320,48856,13.3,11.5,1.96,204068257817.6,24188.7659448854,5.82489868439442,79.95,74.15,734087,17.8556294446629,2681618,2754634,64.4377230047253,5436281,854816,17.7066475506117,4270522,50.6196609720974,8436489,2.55903870401031
1989,Sweden,SWE,11.6094,55.412620151135,57133,60163,54068,56995,51565,54397,49586,52332,48392,51096,47321,49948,13.7,10.8,2.01,214875344909.957,25300.3951164701,6.44327587426601,80.8,74.8,739059,17.8636857036346,2693398,2771379,64.3448373224702,5464784,865785,17.7914769738952,4298242,50.6094404127503,8492964,2.65480691078193
1990,Sweden,SWE,11.5296,55.6387823171732,58710,61794,55874,58874,53453,56372,51430,54271,49788,52555,48507,51208,14.5,11.1,2.13,258154283908.9,30162.3157718195,10.3665533879494,80.4,74.81,747126,17.9249231737483,2708018,2791152,64.251339732175,5499166,875756,17.8237370940768,4330900,50.601508630123,8558835,0.754674750645407
1991,Sweden,SWE,11.4498,56.1062563143104,59735,62853,58580,61661,56101,59109,53900,56836,51982,54847,50353,53149,14.4,11,2.11,270362531376.602,31374.1169876676,9.44462732944187,80.53,74.94,760189,18.1172194714125,2718199,2801995,64.0589361073337,5520199,881734,17.8238444212538,4360122,50.5968714710718,8617375,-1.14597486123364
1992,Sweden,SWE,11.37,56.4951774468118,60289,63430,58687,61787,58484,61560,56361,59376,54378,57330,52564,55451,14.2,10.9,2.09,280312318915.485,32338.5039496678,2.37436725111879,80.78,75.35,773117,18.3198917706508,2727207,2811651,63.8997285287066,5538871,885224,17.7803797006425,4385547,50.5942911807486,8668067,-1.15859273883548
1993,Sweden,SWE,10.539,56.8203279884509,60041,63175,59392,62511,58485,61576,58381,61450,56614,59634,54850,57816,13.5,11.1,1.99,209950792712.696,24080.8996705645,4.72817304626055,80.77,75.48,786516,18.5304162356507,2737135,2822439,63.7672440679857,5559586,887337,17.7023396963636,4410988,50.5930760726531,8718561,-2.06561638216809
1994,Sweden,SWE,9.708,57.0445580546014,58601,61681,59094,62190,59071,62168,58610,61694,58234,61300,56825,59853,12.8,10.5,1.88,226079963711.768,25747.2416875525,2.15813800724627,81.37,76.06,800114,18.7174153358504,2752227,2839005,63.6761991099578,5591245,889985,17.6063855541919,4442327,50.591681172417,8780745,4.08760198683242
1995,Sweden,SWE,8.877,57.1087343413019,55804,58773,57572,60599,58581,61645,58930,62012,58714,61797,58033,61102,11.7,10.6,1.73,264051981551.316,29914.331746409,2.45514857818396,81.45,76.16,809623,18.8413973079596,2764762,2853603,63.65018865106,5618363,891076,17.5084140409804,4465461,50.5890110939712,8826939,4.02430654077801
1996,Sweden,SWE,8.046,57.1649435878875,51458,54213,55907,58840,57652,60651,58651,61693,58998,62064,58789,61862,10.8,10.6,1.6,288103936773.039,32587.2641044641,0.533131978766251,81.52,76.52,813921,18.9082840634094,2768491,2856784,63.6274237681522,5625299,889796,17.4642921684384,4472208,50.5848735436011,8840998,1.51786123912999
1997,Sweden,SWE,7.215,56.9375917540039,45776,48267,50717,53386,56004,58912,57727,60708,58715,61746,59061,62122,10.2,10.6,1.52,264477727278.681,29897.7926311935,0.658410256243524,81.82,76.7,812078,18.8532835080252,2774125,2862507,63.7195926012079,5636675,888090,17.4271238907669,4474294,50.5795053409926,8846062,2.9004828591771
1998,Sweden,SWE,7.0502,56.5072625524463,40008,42238,46365,48830,51312,53970,56096,58989,57796,60770,58773,61805,10.1,10.5,1.5,266800462898.904,30143.627458278,-0.267132668354967,81.9,76.9,806454,18.7114016608108,2783041,2872231,63.8947933726291,5655312,886622,17.3938049665601,4476116,50.5720193343279,8850974,4.2267916931841
1999,Sweden,SWE,6.8854,56.0220744960519,35841,37887,42817,45124,48401,50928,52715,55424,56170,59058,57847,60823,10,10.7,1.5,270847937645.236,30577.0817743892,0.462175756339131,81.9,77.1,800268,18.5528620211651,2793376,2883917,64.0934960723986,5677321,885018,17.3536419064363,4478662,50.5613649336957,8857874,4.53015275187818
2000,Sweden,SWE,6.7206,55.5838610733155,34422,36412,40876,43108,46197,48637,50470,53090,53784,56553,56224,59115,10.2,10.5,1.54,259802012617.057,29283.0050461572,0.899143734041743,82,77.4,795892,18.422295882292,2805053,2897408,64.2740192126679,5702461,883616,17.3036849050401,4484561,50.5467344889605,8872109,4.73528713324107
2001,Sweden,SWE,6.5558,54.7764656593392,36400,38461,36059,38103,41471,43716,46139,48567,50085,52679,53331,56071,10.3,10.5,1.57,239917320966.977,26969.2445747257,2.40595834145435,82.1,77.6,783611,18.0866311454987,2827721,2919868,64.6093025540154,5747618,883638,17.304066300486,4494970,50.5282150177173,8895960,1.56341027920739
2002,Sweden,SWE,6.391,54.256594651687,41120,43368,42633,44915,37632,39726,41991,44246,45997,48411,49608,52174,10.7,10.6,1.65,263926220332.543,29571.7044643283,2.15848213589263,82.1,77.7,778650,17.9103890347545,2846963,2938782,64.827052693434,5785787,882010,17.2625582718116,4507623,50.5058184394012,8924958,2.07357721266493
2003,Sweden,SWE,6.3152,53.9021830427082,47273,49785,45316,47718,44415,46762,39179,41327,42485,44754,45828,48232,11.1,10.4,1.71,331108912605.271,36961.4253671424,1.92565534892387,82.4,77.9,777079,17.8050370097622,2864432,2956247,64.9763356034382,5820729,880530,17.2186273867996,4522041,50.4791865424704,8958229,2.38574023559717
2004,Sweden,SWE,6.2394,53.5497210213963,52993,55786,48152,50711,45024,47428,43392,45712,40760,42974,43017,45315,11.2,10.1,1.75,381705425301.746,42442.2204473133,0.373659828721796,82.7,78.4,773337,17.6499134266207,2882254,2974793,65.1254821820785,5857080,881451,17.2246043913008,4537042,50.4478437343031,8993531,4.32052981005691
2005,Sweden,SWE,6.1636,53.165597481791,56939,59987,50497,53228,46059,48568,43388,45758,42248,44551,42402,44700,11.2,10.2,1.77,389042298376.845,43085.353145957,0.453170852576176,82.8,78.4,765437,17.4045758961293,2900607,2994697,65.2888166704154,5895301,885928,17.3066074334553,4551972,50.4118269290236,9029572,2.8183296177564
2006,Sweden,SWE,6.0878,53.2333558276815,58410,61599,55819,58800,50418,53129,46614,49130,44241,46632,43133,45461,11.7,10,1.85,420032121655.688,46256.4716010495,1.36021468627688,82.9,78.7,767005,17.3440986321417,2916134,3009768,65.2599462812425,5925933,890790,17.3959550866158,4573930,50.3708772936599,9080505,4.68812715248721
2007,Sweden,SWE,6.012,53.0635495197821,58179,61486,52968,55954,54821,57757,50448,53157,47267,49809,45186,47616,11.7,10,1.88,487816328342.309,53324.3793724756,2.21216883436735,83,78.9,762405,17.118971962219,2941216,3035413,65.3323392165852,5976662,900248,17.5486888211957,4603869,50.3259982277011,9148092,3.40494889523524
2008,Sweden,SWE,5.8922,52.8370961137736,56796,60179,53637,56754,51086,53987,53883,56788,50534,53254,47975,50554,11.9,9.9,1.91,513965650650.119,55746.8423811175,3.43704910602875,83.2,79.1,754730,16.8222962490622,2968350,3063956,65.4291433588578,6032330,912486,17.74856039208,4635566,50.2792662244902,9219637,-0.55704762769993
2009,Sweden,SWE,5.7724,52.8348653227763,55154,58548,54110,57322,52969,56018,51788,54692,52930,55806,50608,53341,12,9.7,1.94,429657033107.737,46207.0592032962,-0.494460544378046,83.4,79.4,750727,16.595776572404,2993177,3090841,65.4301003341609,6084028,927072,17.9741230934351,4670976,50.2335701263878,9298515,-5.18465903007937
2010,Sweden,SWE,5.6526,53.2015057914553,53944,57275,54530,57783,54503,57663,53981,57038,53083,56034,51929,54773,12.3,9.6,1.98,488909078695.423,52132.9185271581,1.15798802715629,83.5,79.5,753059,16.5079261627694,3010654,3110777,65.2735073536491,6121432,943236,18.2185664835816,4706949,50.1907156610907,9378126,6.10424992231479
2011,Sweden,SWE,5.5328,53.8736893186493,53360,56532,54878,58246,55219,58512,55010,58208,54362,57452,53386,56361,11.8,9.5,1.9,563797423389.285,59666.0720198904,2.96115073822139,83.8,79.9,758471,16.5123265720758,3020477,3120402,64.9883708793635,6140890,959975,18.4993025485607,4738924,50.1515176645246,9449213,2.67922810276563
2012,Sweden,SWE,5.413,54.8713417573491,53102,56033,55308,58436,55790,59192,55884,59216,55494,58728,54720,57840,11.9,9.7,1.91,544481531961.98,57197.1993076414,0.8883775069237,83.6,79.9,769110,16.623671103806,3023099,3123524,64.5697206774995,6146633,978485,18.8066082186945,4770694,50.1156231307472,9519374,-0.298512381188857
2013,Sweden,SWE,5.3782,56.1186500432887,53215,55896,55599,58614,57022,60255,56666,60100,56513,59881,55941,59210,11.8,9.4,1.89,579360671663.959,60347.6874885834,-0.0442929701486557,83.8,80.2,785460,16.830040871545,3023787,3125625,64.0538511387175,6149412,998833,19.1161079897376,4808080,50.0821872446436,9600379,1.23834939778263
2014,Sweden,SWE,5.3434,57.378799747184,53711,56233,55971,58911,57401,60625,58106,61498,57510,60974,57110,60513,11.9,9.2,1.88,574413132024.98,59241.6063787415,-0.17963849411465,84.2,80.4,804899,17.0705523245253,3028497,3132501,63.5409648670874,6161002,1019509,19.3884828083872,4852905,50.0500186957324,9696110,2.60190266972866
2015,Sweden,SWE,5.3086,58.4655957168043,54574,57095,56507,59447,57773,61003,58447,61856,58606,62097,58324,61820,11.7,9.3,1.85,498117638852.897,50832.5527092655,-0.0467847449832651,84.1,80.4,824402,17.2970733538416,3038575,3145217,63.1051772585116,6183794,1038398,19.5977493876468,4901375,50.0181900826768,9799186,4.45656910952738
2016,Sweden,SWE,5.2738,59.320481409291,56057,58780,55343,57984,56836,59810,57817,61028,58340,61703,58455,61897,11.8,9.2,1.85,512205240408.433,51617.5403524643,0.984269244577978,84.1,80.6,840287,17.3995960166029,3059838,3168538,62.766569626755,6228380,1060095,19.8338343566421,4960220,49.9866684164264,9923085,2.68396634344812
2017,Sweden,SWE,5.239,60.0513522738936,57944,61020,58469,61679,56056,58807,57107,60104,57802,60983,58172,61479,11.5,9.1,1.85,535607385506.432,53253.4766411192,1.79449904665596,84.1,80.6,858311,17.5349453081069,3086964,3197079,62.4799497028515,6284045,1079139,19.9851049890416,5024414,49.9559011754473,10057698,2.10471614023258
2018,Sweden,SWE,NA,NA,NA,NA,NA,NA,NA,NA,NA,NA,NA,NA,NA,NA,NA,NA,NA,NA,NA,NA,NA,NA,NA,NA,NA,NA,NA,NA,NA,NA,NA,NA,NA,NA
